Drug_ID,Drug,Y,MolWt,LogP,NumHDonors,NumHAcceptors,TPSA,NumRotatableBonds,AtomCount,Predicted_Value,Lipinski,Ghose,Veber,Egan,Muegge,Units
CHEMBL511115,COc1ccc([C@]2(C#N)CC[C@@H](C(=O)O)CC2)cc1OC1CCCC1,98.84,343.4230000000002,4.052780000000003,1.0,4.0,79.55,5.0,25.0,81.63848114013672,Yes,Yes,Yes,Yes,Yes,-
CHEMBL1650723,COc1cc(Nc2nc(N[C@@H](C)c3ncc(F)cn3)ncc2Cl)n[nH]1,87.87,364.772,2.7075000000000005,3.0,8.0,113.53,6.0,25.0,80.36888885498047,Yes,Yes,Yes,Yes,Yes,-
CHEMBL217899,CCc1nn(C2CCCC2)c2c1CCn1c(-c3cccs3)nnc1-2,96.26,339.46799999999996,4.1037000000000035,0.0,6.0,48.53,3.0,24.0,88.89724731445312,Yes,Yes,Yes,Yes,Yes,-
CHEMBL2361579,Cc1cc2cc(C)c3nnc(SCC(=O)N4CCN(C(=O)c5ccco5)CC4)n3c2cc1C,97.91,463.5630000000003,3.4774600000000024,0.0,7.0,83.95,4.0,33.0,97.00431060791016,Yes,Yes,Yes,Yes,Yes,-
CHEMBL211177,C[C@@H](CC(=O)OC(C)(C)C)NC(=O)C1=NO[C@@H](C(O)(C(F)(F)F)C(F)(F)F)C1,82.05,422.322,2.2234999999999996,2.0,6.0,97.22,5.0,28.0,82.5697021484375,Yes,Yes,Yes,Yes,Yes,-
CHEMBL2179277,Cc1cn([C@H]2CCCN([C@H](CC(C)(C)C)c3ccc(C(=O)O)c(Oc4cccc(Br)c4)c3)C2)c(=O)[nH]c1=O,97.13,584.5110000000002,5.912420000000006,2.0,6.0,104.63,7.0,38.0,98.87167358398438,No,No,Yes,No,No,-
CHEMBL1778621,CS(=O)(=O)c1ccc(-c2cc(C(F)(F)F)ccc2OCC(=O)O)cc1,93.24,374.3360000000001,3.239300000000001,1.0,4.0,80.67,5.0,25.0,96.60041046142578,Yes,Yes,Yes,Yes,Yes,-
CHEMBL1957851,Cc1cccc(Cn2ccn3c(=O)cc(N4CCOCC4)nc23)c1,88.11,324.3840000000001,1.68932,0.0,6.0,51.769999999999996,3.0,24.0,85.5034408569336,Yes,Yes,Yes,Yes,Yes,-
CHEMBL2029721,CN(CC(=O)NC1CC1)C(=O)c1ccc2c(c1)c1c(n2C)CCC(C2CCOCC2)C1,96.72,423.55700000000036,3.0604000000000013,1.0,4.0,63.57000000000001,5.0,31.0,75.65164947509766,Yes,Yes,Yes,Yes,Yes,-
CHEMBL2349321,CC(C)C[C@H](CO)Nc1nc(SCc2ccccc2)nc2[nH]c(=O)sc12,99.8,390.5340000000001,3.490800000000001,3.0,7.0,90.9,8.0,26.0,101.0787353515625,Yes,Yes,Yes,Yes,Yes,-
CHEMBL402831,Cc1nc(-c2c(F)cc(Cl)cc2-c2cnc([C@@H](C)NC(=O)[C@@](C)(O)C(F)(F)F)c(F)c2)no1,98.0,490.81600000000014,4.529120000000003,2.0,6.0,101.14,5.0,33.0,90.36155700683594,Yes,No,Yes,Yes,Yes,-
CHEMBL2337981,CC(C)(C)NC(=O)NCCN1CCC(CO)(CNC(=O)c2cc(Cl)cc(Cl)c2)CC1,82.05,459.4180000000001,2.8954000000000013,4.0,4.0,93.70000000000002,7.0,30.0,81.36907958984375,Yes,Yes,Yes,Yes,Yes,-
CHEMBL1412533,Clc1ccc(OCc2cn3ccccc3n2)c2ncccc12,99.4,309.75600000000003,4.114900000000002,0.0,4.0,39.42,3.0,22.0,91.24388122558594,Yes,Yes,Yes,Yes,Yes,-
CHEMBL254832,CC(NCCC(c1ccccc1)c1ccccc1)c1ccccc1,98.84,315.46000000000004,5.5594000000000054,1.0,1.0,12.03,7.0,24.0,92.8481674194336,No,Yes,Yes,Yes,No,-
CHEMBL1290383,O=c1c2cc(-c3ccc(Cl)cc3)oc2ccn1-c1ccc2c(cnn2CCN2CCCC2)c1,99.34,458.94900000000035,5.349600000000006,0.0,6.0,56.2,5.0,33.0,97.35906982421875,No,Yes,Yes,Yes,No,-
CHEMBL1824030,O=C1COc2ccc(CNC3CCN(CCN4C(=O)COc5ccc(O)cc54)CC3)nc2N1,86.59,453.4990000000002,1.0976999999999997,3.0,8.0,116.26,6.0,33.0,80.41485595703125,Yes,Yes,Yes,Yes,Yes,-
CHEMBL1086310,CC(C)c1ccc(NC(=O)Cn2cnc3c2c(=O)n(C)c(=O)n3C)cc1,87.37,355.3980000000001,1.1957999999999995,1.0,7.0,90.92000000000002,4.0,26.0,62.389530181884766,Yes,Yes,Yes,Yes,Yes,-
CHEMBL13485,CCN(CC)CCNC(=O)c1c(C)[nH]c(/C=C2\C(=O)Nc3ccc(Cl)cc32)c1C,89.49,414.9370000000002,3.8492400000000018,3.0,3.0,77.23,7.0,29.0,91.48524475097656,Yes,Yes,Yes,Yes,Yes,-
CHEMBL1950849,CN[C@@H](C)C(=O)N[C@H](C(=O)N[C@H]1CCCN(CCc2cccc(F)c2)C1)C1CCCCC1,71.99,446.6110000000003,2.6218000000000012,3.0,4.0,73.47,9.0,32.0,73.27594757080078,Yes,Yes,Yes,Yes,Yes,-
CHEMBL2207225,COc1cc(OC)c(S(=O)(=O)N2c3ccccc3CCC2C)cc1NC(=O)Cc1ccnc(F)c1,94.56,499.5640000000003,3.9491000000000023,1.0,6.0,97.83,7.0,35.0,91.34776306152344,Yes,No,Yes,Yes,Yes,-
CHEMBL860,CN(C)CC/C=C1\c2ccccc2COc2ccccc21,78.79,279.383,3.9624000000000033,0.0,2.0,12.47,3.0,21.0,93.81885528564453,Yes,Yes,Yes,Yes,Yes,-
CHEMBL1951074,COc1cc(OC)c(S(=O)(=O)N2c3ccccc3CCC2C)cc1NC(=S)NCC(=O)O,69.12,479.58000000000027,2.6048,3.0,6.0,117.2,7.0,32.0,83.86695098876953,Yes,Yes,Yes,Yes,Yes,-
CHEMBL1320158,C/C=C/c1ccc(Oc2nnnn2-c2ccc(C(N)=O)cc2)c(OC)c1,97.32,351.3660000000001,2.5952,1.0,7.0,105.15000000000002,6.0,26.0,91.14983367919922,Yes,Yes,Yes,Yes,Yes,-
CHEMBL2018954,COc1ccc(COc2nc(Br)cnc2NS(=O)(=O)c2ccc(C)cc2)cc1OCCN(C)C,99.67,551.4630000000002,3.8763200000000033,1.0,8.0,102.88,11.0,34.0,86.72663116455078,No,No,No,Yes,Yes,-
CHEMBL2059198,CC(C)NC(=O)c1cc2c(-n3ccc(C(F)(F)F)n3)c(-c3cncc(C(=O)O)c3)cnc2[nH]1,77.21,458.40000000000015,3.665800000000001,3.0,6.0,125.78999999999999,5.0,33.0,87.64634704589844,Yes,Yes,Yes,Yes,Yes,-
CHEMBL123798,COc1cccc2c(O)nc(-c3ccc(C(F)(F)F)cc3)nc12,94.56,320.27,4.029800000000002,1.0,4.0,55.24,2.0,23.0,99.17658996582031,Yes,Yes,Yes,Yes,Yes,-
CHEMBL2088414,O=S(=O)(Nc1ccc2sc(CO)nc2c1)c1ccc(Br)cc1,99.31,399.291,3.3519000000000014,2.0,5.0,79.29,4.0,22.0,97.7135238647461,Yes,Yes,Yes,Yes,Yes,-
CHEMBL1092926,Fc1cc(-c2cccc3ncc(-c4cnn(C5CCNCC5)c4)nc23)cc(F)c1CN1CCOCC1,91.46,490.55800000000033,4.1952000000000025,1.0,7.0,68.10000000000001,5.0,36.0,92.10140228271484,Yes,No,Yes,Yes,Yes,-
CHEMBL2349335,CC(C)C[C@H](CO)Nc1nc(SCc2ccccc2)nc2nc(N)sc12,99.56,389.5500000000001,3.779700000000002,3.0,8.0,96.95,8.0,26.0,99.3713150024414,Yes,Yes,Yes,Yes,Yes,-
CHEMBL2011942,NC(=O)c1cnc2[nH]c(-c3ccc(OCCN4CCCCC4)cc3)nc2c1NCCCNC(=O)C1CCC1,78.41,519.6500000000004,3.306800000000001,4.0,7.0,138.26000000000002,12.0,38.0,88.58187866210938,No,No,No,No,Yes,-
CHEMBL1489087,O=C(Nc1ccc(Cl)c(Cl)c1)Nc1ccccc1C(=O)O,47.7,325.15100000000007,4.335600000000002,3.0,2.0,78.43,3.0,21.0,99.31551361083984,Yes,Yes,Yes,Yes,Yes,-
CHEMBL495383,O=C(Nc1cccc(CCO)c1)c1cc2cc(Cl)ccc2[nH]1,99.26,314.772,3.6084000000000014,3.0,2.0,65.12,4.0,22.0,99.86646270751953,Yes,Yes,Yes,Yes,Yes,-
CHEMBL379350,CCN(CC)c1ccc2cc(C(C)=O)c(=O)oc2c1,92.8,259.30499999999995,2.841800000000001,0.0,4.0,50.52,4.0,19.0,85.09307861328125,Yes,No,Yes,Yes,Yes,-
CHEMBL554,CS(=O)(=O)CCNCc1ccc(-c2ccc3ncnc(Nc4ccc(OCc5cccc(F)c5)c(Cl)c4)c3c2)o1,99.74,581.0690000000002,6.139100000000005,2.0,8.0,106.35000000000001,11.0,40.0,91.89828491210938,No,No,No,No,No,-
CHEMBL2335897,C[C@@H](NC(=O)[C@H]1CCCCN1)c1ccc(Nc2ncc3cc(-c4ccncc4)ccc3n2)cc1,95.12,452.5620000000002,4.754700000000003,3.0,6.0,91.83000000000001,6.0,34.0,96.28556823730469,Yes,Yes,Yes,Yes,Yes,-
CHEMBL218628,CNc1nc2ccccc2n1Cc1sc2c(c1C(=O)N1C[C@H](O)CO1)c(=O)n(C)c(=O)n2CC(C)C,47.7,512.5920000000003,1.6056999999999997,2.0,11.0,123.62,6.0,36.0,75.4891128540039,No,No,Yes,Yes,No,-
CHEMBL2062568,CC(=O)Nc1ccc2c(c1)N(c1cc(NC3CC3)n3ncc(C#N)c3n1)CCC2,97.38,387.4470000000002,3.2179800000000016,2.0,7.0,98.35000000000001,4.0,29.0,95.53754425048828,Yes,Yes,Yes,Yes,Yes,-
CHEMBL1952329,CN1CCC(CNc2ccc3ncc(-c4cccc(OC(F)(F)F)c4)n3n2)CC1,96.09,405.4240000000001,4.048600000000003,1.0,6.0,54.69,5.0,29.0,92.60779571533203,Yes,Yes,Yes,Yes,Yes,-
CHEMBL1939414,Nc1nc(Nc2cccc(Br)c2)c2nc[nH]c2n1,64.54,305.13899999999995,2.4411999999999994,3.0,5.0,92.51,2.0,18.0,88.59127044677734,Yes,No,Yes,Yes,Yes,-
CHEMBL1586565,CN1CCN2c3ccccc3CC3(C(=O)N(C)C(=O)N(C)C3=O)C2C1,96.5,342.39900000000006,0.3999000000000006,0.0,5.0,64.17,0.0,25.0,50.388301849365234,Yes,Yes,Yes,Yes,Yes,-
CHEMBL495575,O=S(=O)(NC1CCNCC1)c1cc(S(=O)(=O)c2ccccc2)ccc1C(F)(F)F,92.48,448.48800000000006,2.5685000000000002,2.0,5.0,92.34,5.0,29.0,82.50712585449219,Yes,Yes,Yes,Yes,Yes,-
CHEMBL2179280,CCC(CC)C[C@H](c1ccc(C(=O)O)c(Oc2cccc(Cl)c2)c1)N1CCC[C@H](n2cc(C)c(=O)[nH]c2=O)C1,98.81,554.0870000000002,6.193420000000006,2.0,6.0,104.63,10.0,39.0,97.34996032714844,No,No,Yes,No,No,-
CHEMBL2147033,O=C1COC2(CCN(S(=O)(=O)c3ccc(-c4ccc5cnccc5c4)cc3)CC2)CN1C1CC1,99.82,477.5860000000003,3.4463000000000017,0.0,5.0,79.80999999999999,4.0,34.0,87.98379516601562,Yes,Yes,Yes,Yes,Yes,-
CHEMBL562318,Cn1cc(-c2ccncc2)c(-c2ccc(OCc3ccc4ccccc4n3)cc2)n1,99.88,392.46200000000005,5.276300000000004,0.0,5.0,52.83,5.0,30.0,96.73314666748047,No,Yes,Yes,Yes,No,-
CHEMBL1956334,CC(=O)c1ncccc1NC(=O)[C@H]1CC[C@H](N2C(=O)[C@H]3[C@H]4CC[C@H](C4)[C@H]3C2=O)CC1,98.7,409.4860000000003,2.8126000000000015,1.0,5.0,96.44,4.0,30.0,90.34072875976562,Yes,Yes,Yes,Yes,Yes,-
CHEMBL258282,CN1CCN(CCOc2n[nH]c3ncnc(Nc4ccc(OCc5ccccn5)c(Cl)c4)c23)CC1,88.35,494.98700000000025,3.350100000000001,2.0,9.0,104.32000000000001,9.0,35.0,90.76891326904297,Yes,No,Yes,Yes,Yes,-
CHEMBL190,Cn1c(=O)c2nc[nH]c2n(C)c1=O,43.7,180.16699999999997,-1.0397000000000005,1.0,5.0,72.68,0.0,13.0,38.734718322753906,Yes,No,Yes,Yes,No,-
CHEMBL1194385,COc1cccc2c1CCC21NCc2ccccc21,79.17,251.32899999999998,2.988200000000001,1.0,2.0,21.259999999999998,1.0,19.0,72.15892028808594,Yes,No,Yes,Yes,Yes,-
CHEMBL1086473,CCCCc1nc2c(N)nc3ccccc3c2n1Cc1ccccc1,98.29,330.43500000000006,4.5576000000000025,1.0,4.0,56.73,5.0,25.0,97.65408325195312,Yes,Yes,Yes,Yes,Yes,-
CHEMBL1778645,CCS(=O)(=O)c1ccc(-c2cc(Cl)ccc2OCC(=O)O)c(C)c1,99.71,368.83800000000014,3.572420000000002,1.0,4.0,80.67,6.0,24.0,97.16337585449219,Yes,Yes,Yes,Yes,Yes,-
CHEMBL1852508,Cc1cc(-c2ccc(Cl)c(C(=O)NCC3(O)CCCCCC3)c2)nn1C[C@H](O)CN,69.61,434.9680000000003,2.6466199999999995,4.0,6.0,113.4,7.0,30.0,83.47595977783203,Yes,Yes,Yes,Yes,Yes,-
CHEMBL1309788,Cc1ccc(-n2c(C)cc(/C=C3\SC(=O)NC3=O)c2C)cc1,99.84,312.39400000000006,3.726460000000002,1.0,4.0,51.1,2.0,22.0,94.96273040771484,Yes,Yes,Yes,Yes,Yes,-
CHEMBL1509029,Cc1nc2ccc(NS(=O)(=O)c3ccc(C)c(C)c3)cc2s1,99.9,332.45,4.022360000000003,1.0,4.0,59.06,3.0,22.0,100.14563751220703,Yes,Yes,Yes,Yes,Yes,-
CHEMBL2059872,Cc1ccc(-c2ncc(CN3CCOCC3)s2)cc1NC(=O)c1ccc(OCc2ccccn2)cc1,96.72,500.6240000000002,5.177020000000004,1.0,7.0,76.58,8.0,36.0,98.35202026367188,No,No,Yes,Yes,No,-
CHEMBL2152523,c1ccc([C@H]([C@@H](c2ccccc2)N2CCCCC2)N2CCCCC2)cc1,93.94,348.5340000000001,5.440800000000005,0.0,2.0,6.48,5.0,26.0,86.9411392211914,No,Yes,Yes,Yes,No,-
CHEMBL83597,CN1CCC[C@@H]1Cc1c[nH]c2ccc(Nc3ncccc3[N+](=O)[O-])cc12,86.32,351.41000000000014,3.8514000000000017,2.0,5.0,87.09,5.0,26.0,94.04631042480469,Yes,Yes,Yes,Yes,Yes,-
CHEMBL896,OCCOCCN1CCN(C(c2ccccc2)c2ccc(Cl)cc2)CC1,91.82,374.91200000000015,3.055900000000001,1.0,4.0,35.940000000000005,8.0,26.0,81.81147766113281,Yes,Yes,Yes,Yes,Yes,-
CHEMBL472363,O=C(COc1cccc(Cl)c1)NC1CCN(Cc2ccn(-c3ccc(C(F)(F)F)cc3)c2)CC1,99.28,491.94100000000014,5.309100000000004,1.0,4.0,46.5,7.0,34.0,93.13396453857422,No,No,Yes,Yes,No,-
CHEMBL560377,c1ccc2nc(COc3ccc(-c4n[nH]cc4-c4ccncc4)cc3)ccc2c1,99.8,378.43500000000006,5.265900000000004,1.0,4.0,63.690000000000005,5.0,29.0,95.98359680175781,No,Yes,Yes,Yes,No,-
CHEMBL1934419,Cc1ccc(S(=O)(=O)Nc2c(C(=O)N[C@@H](C)C(C)(C)C)c(C)nn2C2CCS(=O)(=O)CC2)cc1,79.17,510.68200000000036,3.2148400000000015,2.0,7.0,127.22999999999999,6.0,34.0,84.51514434814453,No,No,Yes,Yes,Yes,-
CHEMBL1683028,COc1cc2nnc(C(N)=O)c(Nc3cccc(Cl)c3F)c2cc1OC,97.81,376.77500000000015,3.282000000000001,2.0,6.0,99.36,5.0,26.0,97.03594207763672,Yes,Yes,Yes,Yes,Yes,-
CHEMBL1818294,CN(C)CCN1CCN(c2cc(C(=O)NC[C@H]3CC[C@H](CNC(=O)OC(C)(C)C)CC3)c3ccccc3n2)CC1,93.94,552.7640000000002,3.979300000000002,2.0,7.0,90.04,9.0,40.0,90.59790802001953,No,No,Yes,Yes,Yes,-
CHEMBL54,O=C(CCCN1CCC(O)(c2ccc(Cl)cc2)CC1)c1ccc(F)cc1,85.48,375.87100000000015,4.425600000000004,1.0,3.0,40.540000000000006,6.0,26.0,90.92890167236328,Yes,Yes,Yes,Yes,Yes,-
CHEMBL1916541,COc1ccc2c(C)nc(=O)n(CCN3CCC(NCc4cc5c(cn4)OCCO5)CC3)c2c1,59.66,465.5540000000003,2.13392,1.0,9.0,90.74000000000001,7.0,34.0,77.57740783691406,Yes,Yes,Yes,Yes,Yes,-
CHEMBL1081913,CC(C)(C)OC(=O)N1CCC(OCc2nc(-c3ccncc3)no2)CC1,99.16,360.4140000000001,3.0477000000000016,0.0,7.0,90.58,4.0,26.0,80.8829574584961,Yes,Yes,Yes,Yes,Yes,-
CHEMBL2207596,COc1cc(O)c(S(=O)(=O)N2c3ccccc3CCC2C)cc1NC(=O)CCC(=O)O,95.63,448.4970000000003,2.7341000000000006,3.0,6.0,133.23999999999998,7.0,31.0,83.6445541381836,Yes,Yes,Yes,No,Yes,-
CHEMBL1487253,O=C(CCS(=O)(=O)c1ccc(Br)cc1)NCc1cccs1,91.46,388.30800000000005,2.990800000000001,1.0,4.0,63.24,6.0,21.0,89.94438171386719,Yes,Yes,Yes,Yes,Yes,-
CHEMBL1824041,N#Cc1ccc2c(c1)N(CCN1CCC(NCc3ccc4c(n3)NC(=O)CO4)CC1)C(=O)CO2,77.21,462.5100000000003,1.2637799999999997,2.0,8.0,119.82000000000001,6.0,34.0,73.63153839111328,Yes,Yes,Yes,Yes,Yes,-
CHEMBL1818291,CC(C)(C)OC(=O)NC[C@H]1CC[C@H](CNC(=O)c2cc(-c3cccc(CN)c3)nc3ccccc23)CC1,98.61,502.6590000000003,5.421400000000005,3.0,5.0,106.34,7.0,37.0,97.00823974609375,No,No,Yes,Yes,No,-
CHEMBL481905,CCOc1cc2ncc(C(N)=O)c(Nc3ccc(Cl)c(Cl)c3)c2cc1N1CCN(C)CC1,99.19,474.39200000000034,4.534600000000003,2.0,6.0,83.72,6.0,32.0,97.3758544921875,Yes,Yes,Yes,Yes,Yes,-
CHEMBL2207600,COc1cc(OC)c(S(=O)(=O)N(c2ccc(C)cc2)c2ccc(C)cc2)cc1NC(=O)CCC(=O)O,95.12,512.5840000000003,4.650940000000003,2.0,6.0,122.24,10.0,36.0,96.11857604980469,No,No,Yes,Yes,Yes,-
CHEMBL1198335,COc1cccc(Nc2nc(NCC3CCCO3)c3ccccc3n2)c1,98.81,350.422,3.9729000000000028,2.0,6.0,68.3,6.0,26.0,98.3716812133789,Yes,Yes,Yes,Yes,Yes,-
CHEMBL223402,O=C(Nc1ccccc1F)N[C@H]1N=C(c2ccccc2)c2ccccc2NC1=O,96.34,388.4020000000001,3.7630000000000017,3.0,3.0,82.59,3.0,29.0,96.79145812988281,Yes,Yes,Yes,Yes,Yes,-
CHEMBL2180273,CCOC(=O)C1=C(C)NC2=C(C(=O)CC(C)(C)C2)C1c1ccc(-c2ccccc2)cc1,99.83,415.5330000000001,5.520700000000005,1.0,4.0,55.4,4.0,31.0,98.23204040527344,No,Yes,Yes,Yes,No,-
CHEMBL1573309,CCN(CC)CCn1c2ccccc2c2cnc(N)c(C#N)c21,89.91,307.4010000000001,2.9851800000000006,1.0,5.0,70.87,5.0,23.0,65.96310424804688,Yes,Yes,Yes,Yes,Yes,-
CHEMBL1933593,C[C@H]1O[C@@H](n2cnc3c(N)nc(OC(C4CC4)C(F)(F)F)nc32)[C@H](O)[C@@H]1O,65.06,389.334,0.7672999999999999,3.0,9.0,128.54000000000002,4.0,27.0,58.51786422729492,Yes,Yes,Yes,Yes,Yes,-
CHEMBL1762528,CN(c1cccc(CO)c1)c1ccnc(Nc2cc(N3CCOCC3)cc(N3CCOCC3)c2)n1,90.32,476.5810000000004,3.1536000000000017,2.0,9.0,86.22,7.0,35.0,94.49393463134766,Yes,Yes,Yes,Yes,Yes,-
CHEMBL2312185,CNc1nc(C)c(-c2nc(Nc3cccc(N4CCCNCC4)c3)ncc2C#N)s1,88.59,420.54600000000016,3.3652000000000015,3.0,9.0,101.78999999999999,5.0,30.0,93.66613006591797,Yes,Yes,Yes,Yes,Yes,-
CHEMBL571,CC(C(=O)O)c1cccc(C(=O)c2ccccc2)c1,98.73,254.285,3.1057000000000015,1.0,2.0,54.37,4.0,19.0,94.29129028320312,Yes,No,Yes,Yes,Yes,-
CHEMBL75880,C1CCC(C(CC2CCCCN2)C2CCCCC2)CC1,98.44,277.496,5.295400000000005,1.0,1.0,12.03,4.0,20.0,91.22380828857422,No,Yes,Yes,Yes,No,-
CHEMBL1921923,C[C@@](C(=O)O[C@H]1C[N+]2(CCCc3cncnc3)CCC1CC2)(c1ccccc1)N1CCCCC1,22.38,463.6460000000004,3.9627000000000026,0.0,5.0,55.32,8.0,34.0,84.5921630859375,Yes,Yes,Yes,Yes,Yes,-
CHEMBL1916274,Cc1ccc(S(=O)(=O)Nc2c(C(=O)NC3CCCCC3)c(C)nn2-c2ccccc2)cc1,99.86,452.5800000000002,4.352440000000004,2.0,5.0,93.09,6.0,32.0,98.56033325195312,Yes,Yes,Yes,Yes,Yes,-
CHEMBL981,CC(C)(Oc1ccc(C(=O)c2ccc(Cl)cc2)cc1)C(=O)O,98.81,318.75600000000003,3.8130000000000033,1.0,3.0,63.60000000000001,5.0,22.0,96.65068054199219,Yes,Yes,Yes,Yes,Yes,-
CHEMBL1387923,O=C(Nc1cccc(Cl)c1)Nc1nnc(-c2ccncc2)s1,99.8,331.788,3.897500000000001,2.0,5.0,79.8,3.0,22.0,99.42891693115234,Yes,Yes,Yes,Yes,Yes,-
CHEMBL2062580,CC(=O)Nc1ccc2c(c1)c(-c1cc(NC3CC3)n3ncc(C#N)c3n1)cn2C,98.64,385.4310000000001,3.2923800000000014,2.0,7.0,100.03999999999999,4.0,29.0,97.71379852294922,Yes,Yes,Yes,Yes,Yes,-
CHEMBL403656,C[C@H](CO)Nc1nc(SCc2cccc(F)c2F)nc2[nH]c(=O)c(C#N)cc12,98.29,403.4140000000001,2.55298,3.0,7.0,114.69,6.0,28.0,97.0285873413086,Yes,Yes,Yes,Yes,Yes,-
CHEMBL451,CNC1=Nc2ccc(Cl)cc2C(c2ccccc2)=[N+]([O-])C1,97.71,299.761,2.950700000000001,1.0,3.0,50.459999999999994,1.0,21.0,85.42489624023438,Yes,Yes,Yes,Yes,Yes,-
CHEMBL2165067,COc1ccc2ncc(=O)n(CCN3CC[C@@H](NCc4ccc5c(n4)NC(=O)CO5)[C@@H](F)C3)c2c1,75.55,482.51600000000025,1.3331999999999997,2.0,9.0,110.61,7.0,35.0,81.31367492675781,Yes,No,Yes,Yes,Yes,-
CHEMBL2017259,N#Cc1ccc(C(=O)Nc2ccc(-n3ccnc3)nc2)cc1,71.05,289.298,2.39128,1.0,5.0,83.60000000000001,3.0,22.0,80.89649200439453,Yes,Yes,Yes,Yes,Yes,-
CHEMBL479383,O=C(CO)NC1CCN(Cc2ccc(Oc3nc4ccccc4s3)cc2)CC1,96.17,397.5000000000001,3.161500000000002,2.0,6.0,74.69,6.0,28.0,92.45592498779297,Yes,Yes,Yes,Yes,Yes,-
CHEMBL481212,CCOc1cc2ncc(C(N)=O)c(Nc3cc(C)ccc3F)c2cc1N1CCN(C)CC1,93.94,437.51900000000023,3.675320000000003,2.0,6.0,83.72,6.0,32.0,91.05606079101562,Yes,Yes,Yes,Yes,Yes,-
CHEMBL2098183,COc1ccc2nc(C)cc(OCC(=O)NCc3ccccc3)c2c1,99.01,336.391,3.247020000000002,1.0,4.0,60.45,6.0,25.0,95.47128295898438,Yes,Yes,Yes,Yes,Yes,-
CHEMBL2152525,c1ccc([C@H]([C@@H](c2ccccc2)N2CCCC2)N2CCCC2)cc1,83.04,320.48,4.660600000000004,0.0,2.0,6.48,5.0,24.0,85.26721954345703,Yes,Yes,Yes,Yes,Yes,-
CHEMBL218468,CC(C)Cn1c(=O)n(C)c(=O)c2c(C(=O)N3CC[C@@H](O)C3)c(Cc3ccnc4ccc(F)cc34)sc21,54.02,510.5910000000002,2.9026000000000014,1.0,8.0,97.43,5.0,36.0,64.4937973022461,No,No,Yes,Yes,Yes,-
CHEMBL395340,CC[C@H](CO)Nc1nc(SCc2cccc(F)c2F)nc2nc(NC(C)C)sc12,99.6,439.55700000000013,4.659900000000003,3.0,8.0,82.96000000000001,9.0,29.0,100.08230590820312,Yes,Yes,Yes,Yes,Yes,-
CHEMBL1951182,COc1cc(OC)c(S(=O)(=O)NCc2ccccc2N2CCCCC2)cc1NC(=O)CCC(=O)O,69.61,505.5930000000004,2.9759,3.0,7.0,134.26999999999998,11.0,35.0,83.30585479736328,No,No,No,No,Yes,-
CHEMBL271012,C[C@H](CO)Nc1nc(SCc2ccccc2F)nc2[nH]c(=O)sc12,99.86,366.44300000000004,2.6037,3.0,7.0,90.9,6.0,24.0,96.89248657226562,Yes,Yes,Yes,Yes,Yes,-
CHEMBL2338020,CCc1[nH]c2nc(Sc3cnc4ccc[n+]([O-])c4c3)nc(N3C[C@H]4[C@H](N)[C@H]4C3)c2c1Cl,93.39,453.9590000000003,2.8998,2.0,7.0,110.66,4.0,31.0,80.96835327148438,Yes,Yes,Yes,Yes,Yes,-
CHEMBL517,CC(C)N(CCC(C(N)=O)(c1ccccc1)c1ccccn1)C(C)C,33.39,339.4830000000001,3.361900000000002,1.0,3.0,59.22,8.0,25.0,89.49776458740234,Yes,Yes,Yes,Yes,Yes,-
CHEMBL1929039,Cc1cc(F)ccc1-n1nc(C(F)(F)F)cc1-c1ccc2c(c1)NC(=O)CO2,73.81,391.3240000000001,4.336520000000003,1.0,4.0,56.150000000000006,2.0,28.0,95.11248779296875,Yes,Yes,Yes,Yes,Yes,-
CHEMBL578675,COc1cnc(-c2ccccn2)nc1NC(C)C,77.62,244.298,2.3674999999999997,1.0,5.0,59.93000000000001,4.0,18.0,90.37711334228516,Yes,No,Yes,Yes,Yes,-
CHEMBL2178579,O=C(Nc1ccc(Cl)c(S(=O)(=O)N2CCNCC2)c1O)Nc1cccc(F)c1Cl,99.71,463.3180000000001,3.0760000000000005,4.0,5.0,110.77000000000001,4.0,29.0,92.07624816894531,Yes,Yes,Yes,Yes,Yes,-
CHEMBL1916540,COc1ccc2c(C)cc(=O)n(CCN3CCC(NCc4cc5c(cn4)OCCO5)CC3)c2c1,88.59,464.5660000000003,2.738920000000001,1.0,8.0,77.85000000000001,7.0,34.0,85.95404052734375,Yes,Yes,Yes,Yes,Yes,-
CHEMBL2181808,Cc1c(CC(=O)O)c2cc(F)ccc2n1Cc1nc2ccccc2s1,98.33,354.406,4.373920000000003,1.0,4.0,55.12,4.0,25.0,97.89525604248047,Yes,Yes,Yes,Yes,Yes,-
CHEMBL1951073,COc1cc(OC)c(S(=O)(=O)N2c3ccccc3CCC2C)cc1NC(C)=O,97.2,404.4880000000002,3.1922000000000015,1.0,5.0,84.94,5.0,28.0,85.6884536743164,Yes,Yes,Yes,Yes,Yes,-
CHEMBL1683934,O=C(Nc1ccccc1-c1ccccc1)OC1CCN(CCCCCCCCCNC[C@H](O)c2ccc(O)c3[nH]c(=O)ccc23)CC1,88.11,640.8250000000003,6.967500000000008,5.0,7.0,126.91999999999999,16.0,47.0,86.83206939697266,No,No,No,No,No,-
CHEMBL2017459,CCN(C(=O)c1ccc(-c2ccc(Cl)cc2)o1)c1ccc(N2CCNCC2)cc1,95.82,409.9170000000002,4.676300000000004,1.0,4.0,48.720000000000006,5.0,29.0,96.67666625976562,Yes,Yes,Yes,Yes,Yes,-
CHEMBL1824040,CC(=O)c1ccc2c(c1)N(CCN1CCC(NCc3ccc4c(n3)NC(=O)CO4)CC1)C(=O)CO2,88.11,479.5370000000003,1.5947,2.0,8.0,113.10000000000001,7.0,35.0,84.11827087402344,Yes,Yes,Yes,Yes,Yes,-
CHEMBL2018964,COc1cccc2c1c(NS(=O)(=O)c1ccc(Cl)s1)nn2Cc1cccc(CNC(C)=O)c1,99.34,505.0210000000002,4.245000000000003,2.0,7.0,102.32,8.0,33.0,101.80111694335938,No,No,Yes,Yes,Yes,-
CHEMBL2151320,Cc1cc(-n2cnc3ccc(N[C@@H](C)c4ncc(F)cn4)nc32)n[nH]1,61.31,338.3500000000001,2.554219999999999,2.0,7.0,97.20000000000002,4.0,25.0,76.20198059082031,Yes,Yes,Yes,Yes,Yes,-
CHEMBL1526668,O=C(c1csc2c1CCCC2)N1CCCCC1,90.72,249.3789999999999,3.253000000000002,0.0,2.0,20.310000000000002,1.0,17.0,75.3125228881836,Yes,No,Yes,Yes,Yes,-
CHEMBL2208428,CS(=O)(=O)c1ccccc1C(=O)NC[C@@H](O)CN1CCC(Oc2ccc(Cl)c(Cl)c2)CC1,91.28,501.43200000000036,3.0310000000000015,2.0,6.0,95.94,8.0,32.0,92.99406433105469,No,No,Yes,Yes,Yes,-
CHEMBL228814,Cc1ccc(C(=O)N(CCCN)[C@@H](c2nc3cc(Cl)ccc3c(=O)n2Cc2ccccc2)C(C)C)cc1,99.4,517.0730000000002,5.5949200000000054,1.0,5.0,81.22,9.0,37.0,99.65730285644531,No,No,Yes,Yes,No,-
CHEMBL1652621,Cc1c(CN(C)C(=O)/C=C/c2cnc3c(c2)CCC(=O)N3)oc2ccccc12,94.56,375.42800000000005,3.6927200000000022,1.0,4.0,75.44,4.0,28.0,98.2582778930664,Yes,Yes,Yes,Yes,Yes,-
CHEMBL2071493,CC(C)C(NC(=O)c1ccccc1)C(=O)c1ccc(F)cc1,95.01,299.345,3.463000000000002,1.0,2.0,46.17,5.0,22.0,94.3486099243164,Yes,Yes,Yes,Yes,Yes,-
CHEMBL2324423,N#Cc1cc(S(=O)(=O)Nc2ncns2)ccc1Oc1cc(Cl)c(F)cc1-c1ccnnc1,99.59,488.91300000000024,4.252380000000002,1.0,9.0,130.75,6.0,32.0,89.6456527709961,Yes,No,Yes,Yes,Yes,-
CHEMBL1221702,C[C@H]1CN=C(N)c2sccc2O1,51.15,182.248,1.2343,1.0,4.0,47.61,0.0,12.0,39.11742401123047,Yes,No,Yes,Yes,No,-
CHEMBL1921931,C[C@@](C(=O)O[C@H]1C[N+]2(CCOc3ccc(Cl)cc3)CCC1CC2)(c1ccccc1)N1CCCCC1,99.25,498.08700000000044,5.272300000000005,0.0,4.0,38.77,8.0,35.0,96.53855895996094,No,No,Yes,Yes,No,-
CHEMBL2338405,CC(C)(C)NC(=O)NCCN1CCN(CC(=O)Nc2cc(Cl)cc(Cl)c2)CC1,94.79,430.3800000000001,2.6472000000000007,3.0,4.0,76.71000000000001,6.0,28.0,85.61430358886719,Yes,Yes,Yes,Yes,Yes,-
CHEMBL551170,O=C(NCC12CC3CC(CC(C3)C1)C2)c1cc(-n2ncc(=O)[nH]c2=O)ccc1Cl,98.13,414.89300000000003,2.5203999999999995,2.0,5.0,96.85,4.0,29.0,91.60443115234375,Yes,Yes,Yes,Yes,Yes,-
CHEMBL2158785,Cc1c(OC2CCN(CC3CCN([C@@H](Cc4ccc(F)cc4)C(=O)O)CC3)CC2)ccc(C#N)c1Cl,94.06,514.0410000000003,4.910300000000005,1.0,5.0,76.80000000000001,8.0,36.0,91.4930191040039,No,No,Yes,Yes,Yes,-
CHEMBL1778638,CCS(=O)(=O)c1ccc(-c2cc(C(F)(F)F)ccc2OCC(=O)O)c(Cl)c1,97.66,422.8080000000001,4.282800000000003,1.0,4.0,80.67,6.0,27.0,98.71543884277344,Yes,Yes,Yes,Yes,Yes,-
CHEMBL1917438,Cc1c(Sc2ccc(Cl)cc2)c2c(-c3ccccc3)cccc2n1CC(=O)O,99.68,407.92200000000014,6.505920000000005,1.0,3.0,42.230000000000004,5.0,28.0,99.34425354003906,No,No,Yes,No,No,-
CHEMBL1299757,Nc1nc(-c2ccccn2)nc(N)c1Cc1ccc(Cl)cc1Cl,98.61,346.221,3.600600000000002,2.0,5.0,90.71,3.0,23.0,87.01531219482422,Yes,Yes,Yes,Yes,Yes,-
CHEMBL20210,CCOC(=O)/C=C/[C@H](C[C@@H]1CCNC1=O)NC(=O)[C@@H](CC(=O)[C@@H](NC(=O)c1cc(C)on1)C(C)C)Cc1ccc(F)cc1,83.04,598.6720000000004,2.8249200000000014,3.0,8.0,156.7,15.0,43.0,84.47476196289062,No,No,No,No,No,-
CHEMBL2071601,CC(C)C(NC(=O)c1cc(Cl)ccc1C(F)(F)F)C(=O)c1ccc([N+](=O)[O-])cc1,98.81,428.79400000000015,4.904300000000004,1.0,4.0,89.31,6.0,29.0,97.8201675415039,Yes,Yes,Yes,Yes,Yes,-
CHEMBL1807823,O=c1[nH]c2c(O)ccc([C@@H](O)CNCCSCCCNCCc3ccccc3)c2s1,52.88,447.6260000000002,2.873800000000001,5.0,7.0,97.38000000000001,13.0,30.0,86.94503021240234,Yes,Yes,No,Yes,Yes,-
CHEMBL646,Cc1nnc2n1-c1ccc(Cl)cc1C(c1ccccc1Cl)=NC2,85.48,343.21700000000004,4.233520000000002,0.0,4.0,43.07,1.0,23.0,83.27294158935547,Yes,Yes,Yes,Yes,Yes,-
CHEMBL2179291,COc1ccc(Oc2cccc(CN3CCCC(n4cc(C)c(=O)[nH]c4=O)C3)c2)cc1,98.21,421.4970000000001,3.4830200000000016,1.0,6.0,76.56,6.0,31.0,95.40970611572266,Yes,Yes,Yes,Yes,Yes,-
CHEMBL340978,CC(C(=O)O)c1ccc2oc(-c3ccc(Cl)cc3)nc2c1,99.76,301.729,4.336300000000002,1.0,3.0,63.33,3.0,21.0,100.67485809326172,Yes,Yes,Yes,Yes,Yes,-
CHEMBL2324355,Cc1nocc1C(=O)Nc1ccc(-c2ccccc2OC(F)(F)F)c(N)n1,98.4,378.31000000000006,3.7781200000000013,2.0,6.0,103.27,4.0,27.0,90.94367980957031,Yes,Yes,Yes,Yes,Yes,-
CHEMBL1709327,CC1CN2c3ccc([N+](=O)[O-])cc3CC3(C(=O)N(C)C(=O)N(C)C3=O)C2C(C)O1,81.36,402.40700000000015,1.1698999999999997,0.0,7.0,113.3,1.0,29.0,70.77141571044922,Yes,Yes,Yes,Yes,Yes,-
CHEMBL2179279,CCC(C)(C)C[C@H](c1ccc(C(=O)O)c(Oc2cccc(Cl)c2)c1)N1CCC[C@H](n2cc(C)c(=O)[nH]c2=O)C1,98.37,554.0870000000002,6.193420000000006,2.0,6.0,104.63,9.0,39.0,99.09333038330078,No,No,Yes,No,No,-
CHEMBL2170989,Nc1ncnc2c1ncn2[C@@H]1O[C@H](CSCCCNC(=O)Nc2ccccc2)[C@@H](O)[C@H]1O,81.36,459.5320000000001,0.9726999999999992,5.0,10.0,160.44,8.0,32.0,83.54772186279297,Yes,Yes,No,No,No,-
CHEMBL2207280,O=C(NC[C@@H](O)CN1CCC(Oc2ccc(Cl)c(Cl)c2)CC1)c1c[nH]c(=O)c2ccc(F)cc12,95.01,508.3770000000003,3.608100000000001,3.0,5.0,94.66,7.0,34.0,94.05390930175781,No,No,Yes,Yes,Yes,-
CHEMBL2062561,COc1ccc(-c2cc(Nc3ccn(C)n3)n3ncc(C#N)c3n2)cc1,98.21,345.3660000000001,2.753680000000001,1.0,8.0,93.05999999999999,4.0,26.0,95.6778335571289,Yes,Yes,Yes,Yes,Yes,-
CHEMBL1000,O=C(O)COCCN1CCN(C(c2ccccc2)c2ccc(Cl)cc2)CC1,81.01,388.8950000000002,3.148200000000002,1.0,4.0,53.010000000000005,8.0,27.0,88.6449203491211,Yes,Yes,Yes,Yes,Yes,-
CHEMBL70,CN1CC[C@]23c4c5ccc(O)c4O[C@H]2[C@@H](O)C=C[C@H]3[C@H]1C5,20.83,285.343,1.1981,2.0,4.0,52.93000000000001,0.0,21.0,47.58345413208008,Yes,Yes,Yes,Yes,Yes,-
CHEMBL2331754,Cc1cn([C@H]2CCCN(S(=O)(=O)c3ccc(CO)c(Oc4cccc(Cl)c4)c3)C2)c(=O)[nH]c1=O,92.64,505.98000000000025,2.8088200000000008,2.0,7.0,121.69999999999999,6.0,34.0,96.52710723876953,No,No,Yes,Yes,Yes,-
CHEMBL2059377,CCNC(=O)c1cc2c(-n3ccc(C(F)(F)F)n3)c(-c3cncc(C#N)c3)cnc2[nH]1,91.1,425.3740000000001,3.450780000000001,2.0,6.0,112.28,4.0,31.0,86.68838500976562,Yes,Yes,Yes,Yes,Yes,-
CHEMBL2338400,CC(C)(C)NC(=O)NCCN1CCN(CC(=O)NC23CC4CC(CC(C4)C2)C3)CC1,69.12,419.6140000000003,1.7867000000000013,3.0,4.0,76.71000000000001,6.0,30.0,71.36869812011719,Yes,Yes,Yes,Yes,Yes,-
CHEMBL182380,CCN(C(=O)NCc1ccc(S(C)(=O)=O)cc1)C1CCN(CCC(c2ccccc2)c2ccccc2)CC1,67.12,533.7380000000002,5.308200000000006,1.0,4.0,69.72,10.0,38.0,90.09371185302734,No,No,Yes,Yes,No,-
CHEMBL214957,COc1cc(-n2cnc3cc(-c4ccc(Cl)cc4)sc3c2=O)ccc1OCCN1CCCC1,98.61,482.0050000000004,5.250800000000005,0.0,7.0,56.59000000000001,7.0,33.0,96.50448608398438,No,No,Yes,Yes,No,-
CHEMBL782,CCCCNC(=O)NS(=O)(=O)c1ccc(C)cc1,98.09,270.354,1.78302,2.0,3.0,75.27000000000001,5.0,18.0,91.11222076416016,Yes,No,Yes,Yes,Yes,-
CHEMBL837,CCc1c2c(nc3ccc(O)cc13)-c1cc3c(c(=O)n1C2)COC(=O)[C@]3(O)CC,92.32,392.41100000000023,2.3476,2.0,7.0,101.65000000000002,2.0,29.0,76.17798614501953,Yes,Yes,Yes,Yes,Yes,-
CHEMBL2152920,CCC#Cc1cncc(-c2ccc3c(c2)C2(N=C(C)C(N)=N2)[C@]2(CC[C@H](OC)CC2)C3)c1,96.17,426.5640000000003,4.626100000000004,1.0,5.0,72.86,2.0,32.0,90.90524291992188,Yes,Yes,Yes,Yes,Yes,-
CHEMBL1934415,Cc1ccc(S(=O)(=O)Nc2c(C(=O)N[C@@H](C)C(C)(C)C)c(C)nn2C2CCCCC2)cc1,97.76,460.64400000000035,4.970340000000005,2.0,5.0,93.09,6.0,32.0,95.68409729003906,Yes,Yes,Yes,Yes,Yes,-
CHEMBL2179278,Cc1cn([C@H]2CCCN([C@@H](CC(C)(C)C)c3ccc(C(=O)O)c(Oc4cccc(Br)c4)c3)C2)c(=O)[nH]c1=O,99.01,584.5110000000002,5.912420000000006,2.0,6.0,104.63,7.0,38.0,98.87167358398438,No,No,Yes,No,No,-
CHEMBL1683026,COc1cc2nnc(C(N)=O)c(Nc3ccc(C)cc3F)c2cc1OC,96.72,356.3570000000001,2.9370200000000013,2.0,6.0,99.36,5.0,26.0,99.30968475341797,Yes,Yes,Yes,Yes,Yes,-
CHEMBL1550191,O=C1NC(c2ccc(Br)cc2)Nc2ccccc21,94.9,303.15900000000005,3.3032000000000012,2.0,2.0,41.13,1.0,18.0,89.77803802490234,Yes,No,Yes,Yes,Yes,-
CHEMBL2331753,Cc1cn([C@H]2CCCN(S(=O)(=O)c3ccc(O)c(Oc4cccc(C(F)(F)F)c4)c3)C2)c(=O)[nH]c1=O,98.61,525.5050000000002,3.387520000000001,2.0,7.0,121.69999999999999,5.0,36.0,98.6728744506836,No,No,Yes,Yes,Yes,-
CHEMBL375166,Cc1n[nH]c(C)c1Cc1sc2c(c1C(=O)N1C[C@H](O)CO1)c(=O)n(C)c(=O)n2CC(C)C,51.15,461.54400000000027,1.0967399999999998,2.0,9.0,122.45000000000002,5.0,32.0,70.00416564941406,Yes,Yes,Yes,Yes,Yes,-
CHEMBL1092240,O=[N+]([O-])c1c(Nc2ccc(-n3cncn3)cc2)ncnc1N1CCC(Sc2ccccn2)CC1,99.83,475.5380000000003,3.8652000000000024,1.0,11.0,127.79,7.0,34.0,97.25479888916016,No,Yes,Yes,Yes,No,-
CHEMBL2103875,CC(=O)Nc1cccc(-n2c(=O)n(C3CC3)c(=O)c3c(Nc4ccc(I)cc4F)n(C)c(=O)c(C)c32)c1,99.05,615.4029999999999,3.940120000000002,2.0,8.0,107.13,5.0,37.0,94.4004135131836,No,No,Yes,Yes,No,-
CHEMBL2331743,Cc1cn([C@H]2CCCN(S(=O)(=O)c3ccc(C(N)=O)c(Oc4cccc(Cl)c4)c3)C2)c(=O)[nH]c1=O,96.42,518.9790000000003,2.41542,2.0,7.0,144.56,6.0,35.0,89.00033569335938,No,No,No,No,Yes,-
CHEMBL1417725,Cc1nc(-c2cccc(C(F)(F)F)c2)sc1C(=O)O,99.7,287.26199999999994,3.8355200000000016,1.0,3.0,50.19,2.0,19.0,98.96886444091797,Yes,No,Yes,Yes,Yes,-
CHEMBL1458025,Cc1sc2ncnc(SCC(=O)N3CCN(C(=O)c4ccco4)CC3)c2c1C,97.66,416.5280000000002,2.9778400000000014,0.0,7.0,79.54,4.0,28.0,91.69859313964844,Yes,Yes,Yes,Yes,Yes,-
CHEMBL42,CN1CCN(C2=Nc3cc(Cl)ccc3Nc3ccccc32)CC1,94.79,326.83100000000013,3.7227000000000023,1.0,4.0,30.869999999999997,0.0,23.0,91.11843872070312,Yes,Yes,Yes,Yes,Yes,-
CHEMBL1950727,CN[C@@H](C)C(=O)N[C@H](C(=O)N[C@H]1CCCN(Cc2ccccc2)C1)C1CCCCC1,63.47,414.5940000000002,2.440200000000001,3.0,4.0,73.47,8.0,30.0,57.37995529174805,Yes,Yes,Yes,Yes,Yes,-
CHEMBL73048,C[C@@](O)(C(=O)Nc1ccc(S(C)(=O)=O)cc1Cl)C(F)(F)F,60.77,345.726,1.9952999999999999,2.0,4.0,83.47,3.0,21.0,80.688232421875,Yes,Yes,Yes,Yes,Yes,-
CHEMBL1807829,O=c1[nH]c2c(O)ccc([C@@H](O)CNCCSCCCNCCc3cccc(Cl)c3Cl)c2s1,94.06,516.5160000000002,4.180600000000003,5.0,7.0,97.38000000000001,13.0,32.0,94.71961212158203,No,No,No,Yes,Yes,-
CHEMBL1807827,O=c1[nH]c2c(O)ccc([C@@H](O)CNCCSCCCNCCc3cccc(Cl)c3)c2s1,84.3,482.0710000000002,3.5272000000000014,5.0,7.0,97.38000000000001,13.0,31.0,91.90876770019531,Yes,No,No,Yes,Yes,-
CHEMBL565073,O=C(CC1CCN(Cc2ccn(-c3ccc(C(F)(F)F)cc3)c2)CC1)NC(c1ccc(F)cc1)c1cccnc1,96.87,550.6000000000003,6.538100000000007,1.0,4.0,50.160000000000004,8.0,40.0,95.78759002685547,No,No,Yes,No,No,-
CHEMBL457608,C[C@H](Nc1ncc(Cl)c(Nc2cc(C3CC3)[nH]n2)n1)c1ccc(F)cn1,96.42,373.82300000000004,4.181300000000001,3.0,6.0,91.41,6.0,26.0,97.41878509521484,Yes,Yes,Yes,Yes,Yes,-
CHEMBL1489548,O=C(CCS(=O)(=O)c1ccc(Br)cc1)NCCc1ccccc1,96.0,396.3060000000001,2.9718000000000018,1.0,3.0,63.24,7.0,23.0,97.30294799804688,Yes,Yes,Yes,Yes,Yes,-
CHEMBL521096,CCOc1cc2ncc(C(N)=O)c(Nc3ccc(C)cc3F)c2cc1N1CCN(C)CC1,94.32,437.51900000000023,3.675320000000003,2.0,6.0,83.72,6.0,32.0,93.84151458740234,Yes,Yes,Yes,Yes,Yes,-
CHEMBL1360603,CCOc1ccccc1C(=O)NCc1ccco1,95.82,245.27799999999996,2.6083000000000007,1.0,3.0,51.47,5.0,18.0,85.47608184814453,Yes,No,Yes,Yes,Yes,-
CHEMBL2144205,COc1cc2nc(-c3ccc(N4CCN(C)CC4)cc3)nc(NCCN3CCOCC3)c2cc1OC,55.16,492.62400000000036,2.8099000000000007,1.0,9.0,75.22000000000001,8.0,36.0,94.34423828125,Yes,No,Yes,Yes,Yes,-
CHEMBL2059876,Cc1ccc(-c2ccncc2)cc1NC(=O)c1ccc(OCc2ccccn2)cc1,98.21,395.46200000000016,5.283320000000004,1.0,4.0,64.11,6.0,30.0,98.5285873413086,No,Yes,Yes,Yes,No,-
CHEMBL495727,O=C(Nc1c[nH]nc1-c1nc2ccc(CN3CCOCC3)cc2[nH]1)NC1CC1,66.61,381.44000000000017,2.0690999999999997,4.0,5.0,110.96000000000001,5.0,28.0,75.6250228881836,Yes,Yes,Yes,Yes,Yes,-
CHEMBL2325021,N#Cc1cc(S(=O)(=O)Nc2ncns2)ccc1Oc1ccc(C(F)(F)F)cc1-c1ccnnc1,99.41,504.4750000000002,4.478680000000002,1.0,9.0,130.75,6.0,34.0,89.98474884033203,No,No,Yes,Yes,Yes,-
CHEMBL2011932,COc1ccc(-c2nc3c(NCCCNC(=O)C4(CN)CC4)c(Br)cnc3[nH]2)cc1,97.07,473.3750000000001,3.0531000000000006,4.0,6.0,117.94999999999999,9.0,30.0,92.3106918334961,Yes,Yes,Yes,Yes,Yes,-
CHEMBL2070117,COc1cnc(-c2ccccn2)nc1N1CCCCC1,95.12,270.336,2.5375000000000005,0.0,5.0,51.14000000000001,3.0,20.0,86.09186553955078,Yes,Yes,Yes,Yes,Yes,-
CHEMBL1352569,CC(C)(Oc1ccc(Cl)cc1)C(=O)N1CCN(c2ccccn2)CC1,99.23,359.8570000000001,3.241200000000002,0.0,4.0,45.67,4.0,25.0,93.11219024658203,Yes,Yes,Yes,Yes,Yes,-
CHEMBL560993,Cc1c(Cc2ccc3ccccc3n2)c2cc(F)ccc2n1CC(=O)O,99.36,348.3770000000001,4.312420000000003,1.0,3.0,55.120000000000005,4.0,26.0,96.29098510742188,Yes,Yes,Yes,Yes,Yes,-
CHEMBL250774,CS(=O)(=O)c1ccc(-c2ccc3c(Nc4ccc(F)cc4)c(C(N)=O)cnc3c2)cc1,98.7,435.4800000000002,4.286900000000002,2.0,5.0,102.14999999999999,5.0,31.0,98.22946166992188,Yes,Yes,Yes,Yes,Yes,-
CHEMBL2062577,CC(=O)N(C)c1ccc2ccn(-c3cc(NC4CC4)n4ncc(C#N)c4n3)c2c1,97.49,385.4310000000001,3.1018800000000013,1.0,7.0,91.25000000000001,4.0,29.0,96.96852111816406,Yes,Yes,Yes,Yes,Yes,-
CHEMBL378730,Cc1ccc2c(c1)c(-c1ccnc3c(Cl)cccc13)c(C)n2CC(=O)O,99.44,364.83200000000016,5.211340000000003,1.0,3.0,55.120000000000005,3.0,26.0,100.35548400878906,No,Yes,Yes,Yes,No,-
CHEMBL516601,COc1cc2ncc(C(N)=O)c(Nc3ccc(C)cc3F)c2cc1OC,98.81,355.3690000000001,3.5420200000000017,2.0,5.0,86.47000000000001,5.0,26.0,94.82247924804688,Yes,Yes,Yes,Yes,Yes,-
CHEMBL475534,CCOC(=O)C1=C(C)NC(C)=C(C(=O)OC)C1c1cccc([N+](=O)[O-])c1,99.1,360.36600000000004,2.5657000000000005,1.0,7.0,107.77000000000001,5.0,26.0,104.25997161865234,Yes,Yes,Yes,Yes,Yes,-
CHEMBL151592,Cc1cccc(C(N)=O)c1NC(=O)c1ccccc1,55.16,254.28900000000004,2.3462200000000006,2.0,2.0,72.19,3.0,19.0,86.39018249511719,Yes,No,Yes,Yes,Yes,-
CHEMBL578194,C[C@H](Nc1nc(Nc2cc(C3CC3)[nH]n2)cnc1C#N)c1ccc(F)cn1,95.12,364.38800000000003,3.399580000000001,3.0,7.0,115.2,6.0,27.0,75.96759033203125,Yes,Yes,Yes,Yes,Yes,-
CHEMBL2335896,CC(=O)N[C@H](C)c1ccc(Nc2ncc3cc(-c4ccncc4)ccc3n2)cc1,97.55,383.45500000000004,4.632500000000002,2.0,5.0,79.8,5.0,29.0,97.92183685302734,Yes,Yes,Yes,Yes,Yes,-
CHEMBL296035,CCc1cccc2cc(C(O)CNC(C)(C)C)oc12,91.99,261.36499999999995,3.4167000000000014,2.0,3.0,45.4,4.0,19.0,84.83120727539062,Yes,No,Yes,Yes,Yes,-
CHEMBL461950,O=C(Nc1ccc(Cl)c(C(=O)Nc2cccnc2)c1)c1cccc(Cl)c1,98.29,386.23800000000006,4.8930000000000025,2.0,3.0,71.09,4.0,26.0,98.94342041015625,Yes,Yes,Yes,Yes,Yes,-
CHEMBL2178933,Cc1nc(C)c(-c2ccc([C@H]3CC[C@H](CCO)CC3)cc2)nc1C(N)=O,97.0,353.466,3.5155400000000014,2.0,4.0,89.1,5.0,26.0,94.70761108398438,Yes,Yes,Yes,Yes,Yes,-
CHEMBL109980,CC(C)(N)C(=O)N[C@H](COCc1ccc(F)cc1F)C(=O)N1CCC2=NN(CC(F)(F)F)C(=O)[C@]2(Cc2ccccn2)C1,74.69,610.5840000000001,2.3204000000000002,2.0,7.0,130.22000000000003,10.0,43.0,80.7105484008789,No,No,Yes,Yes,No,-
CHEMBL1288102,NC(=O)c1cnc(N[C@H]2CCCNC2)c2cc(-c3ccc(F)cc3F)sc12,95.33,388.443,3.5043000000000015,3.0,5.0,80.04,4.0,27.0,83.26191711425781,Yes,Yes,Yes,Yes,Yes,-
CHEMBL1528356,Cc1ccc(S(=O)(=O)N(C)c2ccc3sc(C)nc3c2)cc1,99.26,332.45000000000005,3.738240000000003,0.0,4.0,50.27,3.0,22.0,98.062744140625,Yes,Yes,Yes,Yes,Yes,-
CHEMBL2107834,COC(=O)N(C)c1c(N)nc(-c2nn(Cc3ccccc3F)c3ncccc23)nc1N,91.46,422.42400000000015,2.4426999999999994,2.0,9.0,138.07000000000002,4.0,31.0,86.133056640625,Yes,Yes,Yes,No,Yes,-
CHEMBL2151176,COc1cc(Nc2nc3c(c(COC4CCCC4)n2)COCC3)ccc1-n1cnc(C)c1,99.01,435.5280000000002,4.254820000000003,1.0,8.0,83.32000000000001,7.0,32.0,87.58348846435547,Yes,Yes,Yes,Yes,Yes,-
CHEMBL456145,C1Cc2[nH]nc(-c3nn[nH]n3)c2C1,89.91,176.183,0.07849999999999968,2.0,4.0,83.14,1.0,13.0,48.124202728271484,Yes,No,Yes,Yes,No,-
CHEMBL2059865,Cc1ccc(-c2ncc[nH]2)cc1NC(=O)c1ccc(OCc2ccccn2)cc1,94.06,384.43900000000014,4.6114200000000025,2.0,4.0,79.9,6.0,29.0,97.90131378173828,Yes,Yes,Yes,Yes,Yes,-
CHEMBL1288221,NC(=O)c1cnc(N[C@H]2CCCNC2)c2cc(-c3ccc(F)c(Cl)c3)sc12,99.61,404.89799999999997,4.018600000000003,3.0,5.0,80.04,4.0,27.0,97.87893676757812,Yes,Yes,Yes,Yes,Yes,-
CHEMBL267894,CCC1(CCC(C)C)C(=O)N=C(O)NC1=O,60.77,226.27599999999998,1.3894,2.0,2.0,78.75999999999999,4.0,16.0,40.27958679199219,Yes,No,Yes,Yes,Yes,-
CHEMBL214304,Cc1ccc2c(c1)c(-c1ccnc3cc(C(F)(F)F)ccc13)c(C)n2CC(=O)O,99.64,398.3840000000002,5.5767400000000045,1.0,3.0,55.120000000000005,3.0,29.0,95.90433502197266,No,Yes,Yes,Yes,No,-
CHEMBL2178934,NC(=O)c1cncc(-c2ccc([C@H]3CC[C@H](CCO)CC3)cc2)n1,97.2,325.41200000000003,2.8987000000000016,2.0,4.0,89.10000000000001,5.0,24.0,91.39862823486328,Yes,Yes,Yes,Yes,Yes,-
CHEMBL88,O=P1(N(CCCl)CCCl)NCCCO1,20.08,261.089,1.884,1.0,2.0,41.57000000000001,5.0,14.0,66.5858154296875,Yes,No,Yes,Yes,Yes,-
CHEMBL2180037,CC#Cc1cncc(-c2cccc(C3(C4CC4)N=C(C)C(N)=N3)c2)c1,95.01,328.41900000000004,3.514500000000001,1.0,4.0,63.629999999999995,3.0,25.0,94.67109680175781,Yes,Yes,Yes,Yes,Yes,-
CHEMBL1950850,CN[C@@H](C)C(=O)N[C@H](C(=O)N[C@H]1CCCN(CCc2ccc(F)cc2)C1)C1CCCCC1,73.36,446.6110000000003,2.6218000000000012,3.0,4.0,73.47,9.0,32.0,78.03077697753906,Yes,Yes,Yes,Yes,Yes,-
CHEMBL480027,CC(C)Oc1cc2ncc(C(N)=O)c(Nc3cccc(Cl)c3F)c2cc1N1CCN(C)CC1,95.12,471.96400000000034,4.408800000000003,2.0,6.0,83.72,6.0,33.0,96.71791076660156,Yes,Yes,Yes,Yes,Yes,-
CHEMBL384260,COc1cc(OC2CCN(C)CC2)c2c(Nc3cccc4c3OCO4)ncnc2c1,97.91,408.45800000000014,3.583700000000001,1.0,8.0,77.97000000000001,5.0,30.0,85.5986557006836,Yes,Yes,Yes,Yes,Yes,-
CHEMBL87,COc1cc2c(c(OC)c1OC)-c1ccc(OC)c(=O)cc1C(NC(C)=O)CC2,32.88,399.4430000000002,2.871600000000001,1.0,6.0,83.09,5.0,29.0,89.58905792236328,Yes,Yes,Yes,Yes,Yes,-
CHEMBL480822,CCOc1cc2ncc(C(N)=O)c(Nc3cccc(Cl)c3Cl)c2cc1N1CCN(C(C)=O)CC1,90.32,502.4020000000004,4.451300000000003,2.0,6.0,100.78999999999999,6.0,34.0,95.23515319824219,No,No,Yes,Yes,Yes,-
CHEMBL480221,COCCOc1cc2ncc(C(N)=O)c(Nc3cccc(Cl)c3Cl)c2cc1N1CCN(C)CC1,89.7,504.4180000000003,4.161100000000004,2.0,7.0,92.94999999999999,8.0,34.0,80.66686248779297,No,No,Yes,Yes,Yes,-
CHEMBL576257,Cc1cc(Nc2cnc(C#N)c(N[C@@H](C)c3ccc(F)cn3)n2)n[nH]1,85.48,338.35,2.8306000000000004,3.0,7.0,115.19999999999999,5.0,25.0,69.96207427978516,Yes,Yes,Yes,Yes,Yes,-
CHEMBL2064327,Cc1cc(F)ccc1Oc1cccc2c(=O)cc(N3CCOCC3)[nH]c12,98.81,354.3810000000002,3.6045200000000017,1.0,4.0,54.559999999999995,3.0,26.0,96.19037628173828,Yes,Yes,Yes,Yes,Yes,-
CHEMBL570015,COc1cccc(Nc2c(C(N)=O)cnc3c(C)cc(S(=O)(=O)c4cccc(C(=O)N(C)C)c4)cc23)c1,98.51,518.5950000000003,3.9289200000000033,2.0,7.0,131.69,7.0,37.0,91.69182586669922,No,No,Yes,No,Yes,-
CHEMBL2179668,Cc1cn([C@H]2CCCN(Cc3ccc(C(=O)O)c(Oc4cccc(F)c4)c3)C2)c(=O)[nH]c1=O,91.82,453.4700000000002,3.311720000000001,2.0,6.0,104.63,6.0,33.0,94.62911224365234,Yes,Yes,Yes,Yes,Yes,-
CHEMBL1272,CCOc1cc(CC(=O)N[C@@H](CC(C)C)c2ccccc2N2CCCCC2)ccc1C(=O)O,99.1,452.5950000000003,5.219900000000005,2.0,4.0,78.87,10.0,33.0,96.26837158203125,No,Yes,Yes,Yes,No,-
CHEMBL379866,CC(C)c1nnc2ccc(-c3ocnc3-c3cc(F)ccc3F)cn12,81.36,340.333,4.452900000000003,0.0,5.0,56.22,3.0,25.0,89.32156372070312,Yes,Yes,Yes,Yes,Yes,-
CHEMBL2165187,CN(C)CCN(Cc1cccc2ccccc12)c1cc(N2CCOCC2)nc(=O)[nH]1,66.1,407.51800000000026,2.3278999999999996,1.0,6.0,64.7,7.0,30.0,86.9076156616211,Yes,Yes,Yes,Yes,Yes,-
CHEMBL726,OCCN1CCN(CCCN2c3ccccc3Sc3ccc(C(F)(F)F)cc32)CC1,98.81,437.5310000000002,4.308100000000003,1.0,5.0,29.950000000000003,6.0,30.0,97.64099884033203,Yes,Yes,Yes,Yes,Yes,-
CHEMBL550637,Cc1ccc(C(=O)N2CC3CNCC(C2)O3)cc1NC(=O)CC12CC3CC(CC(C3)C1)C2,71.99,437.58400000000034,3.3528200000000012,2.0,4.0,70.67000000000002,4.0,32.0,82.3909683227539,Yes,Yes,Yes,Yes,Yes,-
CHEMBL1287892,NC(=O)c1cnc(N[C@H]2CCCNC2)c2cc(-c3ccc(F)c(F)c3)sc12,98.09,388.443,3.5043000000000015,3.0,5.0,80.04,4.0,27.0,93.34712982177734,Yes,Yes,Yes,Yes,Yes,-
CHEMBL108,NC(=O)N1c2ccccc2C=Cc2ccccc21,70.58,236.274,3.3872000000000018,1.0,1.0,46.330000000000005,0.0,18.0,91.10214233398438,Yes,No,Yes,Yes,Yes,-
CHEMBL2058280,Nc1scc2c(C(=O)NC3CC3)nn(-c3ccc(F)cc3)c(=O)c12,93.1,344.37100000000004,2.0606999999999998,2.0,6.0,90.00999999999999,3.0,24.0,86.36723327636719,Yes,Yes,Yes,Yes,Yes,-
CHEMBL2151324,CC(C)Oc1cc(Nc2nc3c(cc2F)ncn3[C@@H](CO)c2ccc(F)cn2)n[nH]1,94.9,415.40400000000005,2.9401,3.0,8.0,113.77000000000001,7.0,30.0,88.4332046508789,Yes,Yes,Yes,Yes,Yes,-
CHEMBL297685,Cn1c(-c2cccc(F)c2)nc2c(N)nc(C#CC3(O)CCCC3)nc21,88.11,351.38500000000016,2.4082,2.0,6.0,89.85000000000001,1.0,26.0,95.84217071533203,Yes,Yes,Yes,Yes,Yes,-
CHEMBL217943,O=C(NCc1ccccc1)c1ccc2cccnc2c1O,96.93,278.31100000000004,2.8704000000000014,2.0,3.0,62.22,3.0,21.0,95.77147674560547,Yes,Yes,Yes,Yes,Yes,-
CHEMBL2151326,COc1cc(Nc2nc3c(cc2F)ncn3[C@@H](CO)c2ccc(F)cn2)n[nH]1,78.41,387.35,2.1614999999999993,3.0,8.0,113.77000000000001,6.0,28.0,81.48102569580078,Yes,Yes,Yes,Yes,Yes,-
CHEMBL284275,COc1ccc(Cc2c(N)n[nH]c2N)cc1,80.65,218.26,1.1734999999999998,3.0,4.0,89.95,3.0,16.0,60.5461311340332,Yes,No,Yes,Yes,Yes,-
CHEMBL1309609,O=C(CN1CCCCCC1)N1c2ccccc2Sc2ccccc21,97.07,338.47600000000006,4.691900000000004,0.0,3.0,23.550000000000004,2.0,24.0,90.39199829101562,Yes,Yes,Yes,Yes,Yes,-
CHEMBL553,C#Cc1cccc(Nc2ncnc3cc(OCCOC)c(OCCOC)cc23)c1,95.82,393.4430000000002,3.405100000000002,1.0,7.0,74.73000000000002,10.0,29.0,86.41149139404297,Yes,Yes,Yes,Yes,Yes,-
CHEMBL1916271,CCN(C(=O)c1cnn(-c2ccccc2)c1NS(=O)(=O)c1ccc(-c2cnco2)cc1)C1CCCCC1,98.7,519.6270000000003,5.122900000000005,1.0,7.0,110.33000000000001,8.0,37.0,97.0174560546875,No,No,Yes,Yes,No,-
CHEMBL2313230,CCCN(c1cncnc1)P(=O)(c1ccccc1)c1ccccc1,88.11,337.36300000000006,3.6221000000000023,0.0,3.0,46.09,6.0,24.0,96.512451171875,Yes,Yes,Yes,Yes,Yes,-
CHEMBL2062570,CC(=O)Nc1ccc2ccn(-c3cc(Nc4ccn(C)n4)n4ncc(C#N)c4n3)c2c1,98.37,411.42900000000014,2.980380000000001,2.0,9.0,117.86,4.0,31.0,94.30241394042969,Yes,Yes,Yes,Yes,Yes,-
CHEMBL1683029,COc1cc2nnc(C(N)=O)c(Nc3cccc(Cl)c3Cl)c2cc1OC,98.81,393.2300000000002,3.7963000000000013,2.0,6.0,99.36,5.0,26.0,98.21128845214844,Yes,Yes,Yes,Yes,Yes,-
CHEMBL2165189,C[C@H]1CN(c2cc(N(CCO)Cc3cccc4ccccc34)[nH]c(=O)n2)CCO1,84.0,394.47500000000014,2.1471,2.0,6.0,81.69000000000001,6.0,29.0,88.30880737304688,Yes,Yes,Yes,Yes,Yes,-
CHEMBL86,CCN(CC)CCNC(=O)c1cc(Cl)c(N)cc1OC,29.9,299.8020000000001,2.0023999999999997,2.0,4.0,67.59,7.0,20.0,69.65982818603516,Yes,Yes,Yes,Yes,Yes,-
CHEMBL539163,Cn1c(C#N)ccc1-c1ccc2c(c1)C(C)(C)OC(=S)N2,98.21,297.3829999999999,3.5258800000000017,1.0,4.0,49.980000000000004,1.0,21.0,89.01319122314453,Yes,Yes,Yes,Yes,Yes,-
CHEMBL2010831,CN(C(=O)Cc1ccc(S(C)(=O)=O)cc1)C1CCN(Cc2ccc(C(F)(F)F)cc2)CC1,81.01,468.5410000000002,3.7744000000000035,0.0,4.0,57.690000000000005,6.0,32.0,88.31526184082031,Yes,Yes,Yes,Yes,Yes,-
CHEMBL2059868,Cc1ccc(-c2[nH]cnc2C)cc1NC(=O)c1ccc(OCc2ccccn2)cc1,93.67,398.4660000000002,4.919840000000003,2.0,4.0,79.9,6.0,30.0,97.25123596191406,Yes,Yes,Yes,Yes,Yes,-
CHEMBL2158769,N#Cc1ccccc1C[C@@H](C(=O)O)N1CCC(CN2CCC(Oc3ccc(Cl)c(Cl)c3)CC2)CC1,90.91,516.4690000000003,5.116180000000004,1.0,5.0,76.8,8.0,35.0,94.92654418945312,No,No,Yes,Yes,No,-
CHEMBL637,COc1ccc(C(CN(C)C)C2(O)CCCCC2)cc1,18.64,277.4079999999999,3.0356000000000014,1.0,3.0,32.7,5.0,20.0,66.47542572021484,Yes,Yes,Yes,Yes,Yes,-
CHEMBL250687,CCCSc1nc(N[C@@H]2C[C@H]2c2ccccc2)c2nnn([C@@H]3C[C@H](CO)[C@@H](O)[C@H]3O)c2n1,99.23,456.5720000000002,1.9664999999999995,4.0,10.0,129.21,8.0,32.0,95.65843963623047,Yes,Yes,Yes,Yes,Yes,-
CHEMBL2171278,Cc1ccc(NC(=O)[C@@H]2CCCN2S(=O)(=O)c2cccc3cccnc23)c(C)c1,97.76,409.5110000000001,3.6434400000000027,1.0,4.0,79.37,4.0,29.0,96.77945709228516,Yes,Yes,Yes,Yes,Yes,-
CHEMBL1289545,Cc1nc(C(=O)N2CCOC3(CCN(Cc4ccc(Cl)cc4)CC3)C2)cs1,56.86,405.95100000000014,3.6121200000000027,0.0,5.0,45.67000000000001,3.0,27.0,94.8285903930664,Yes,Yes,Yes,Yes,Yes,-
CHEMBL1486109,COc1ccc(-c2nc(-c3ccccn3)no2)cc1,97.6,253.26100000000002,2.807200000000001,0.0,5.0,61.040000000000006,3.0,19.0,92.48091888427734,Yes,No,Yes,Yes,Yes,-
CHEMBL2062555,N#Cc1cnn2c(N)cc(-c3cccs3)nc12,95.12,241.27900000000002,1.9116799999999998,1.0,6.0,80.0,1.0,17.0,80.34844207763672,Yes,No,Yes,Yes,Yes,-
CHEMBL2335888,CC(=O)N(C)c1ccc(Nc2ncc3cc(-c4ccncc4)ccc3n2)cc1,98.09,369.42800000000005,4.418100000000003,1.0,5.0,71.01,4.0,28.0,98.08650207519531,Yes,Yes,Yes,Yes,Yes,-
CHEMBL255044,CCOC(=O)Nc1ccc(NCc2ccc(F)cc2)nc1N,84.0,304.32500000000005,2.9834000000000005,3.0,5.0,89.27,5.0,22.0,93.84326934814453,Yes,Yes,Yes,Yes,Yes,-
CHEMBL71,CN(C)CCCN1c2ccccc2Sc2ccc(Cl)cc21,98.64,318.8730000000001,4.894400000000004,0.0,3.0,6.48,4.0,21.0,93.885986328125,Yes,Yes,Yes,Yes,Yes,-
CHEMBL1951165,COc1cc(OC)c(S(=O)(=O)N(c2ccccc2)C(C)C)cc1NC(C)=O,99.5,392.47700000000015,3.265900000000001,1.0,5.0,84.94,7.0,27.0,92.00090026855469,Yes,Yes,Yes,Yes,Yes,-
CHEMBL2170979,CC(C)N(CCCNC(=O)OCc1ccccc1)C[C@H]1O[C@@H](n2cnc3c(N)ncnc32)[C@H](O)[C@@H]1O,66.1,499.57200000000023,1.0545999999999998,4.0,11.0,160.88,10.0,36.0,60.89822769165039,No,No,No,No,No,-
CHEMBL1515447,CN1CCCN(C(c2ccccc2)c2ccc(Cl)cc2)CC1,93.94,314.8600000000001,4.066900000000003,0.0,2.0,6.48,3.0,22.0,87.7162857055664,Yes,Yes,Yes,Yes,Yes,-
CHEMBL2062569,CC(=O)Nc1cc2c(ccn2-c2cc(NC3CC3)n3ncc(C#N)c3n2)cc1C,97.91,385.4310000000001,3.386000000000002,2.0,7.0,100.04,4.0,29.0,97.00366973876953,Yes,Yes,Yes,Yes,Yes,-
CHEMBL461573,Cc1cc(C)cc(C(=O)Nc2ccc(Cl)c(C(=O)Nc3cncs3)c2)c1,99.6,385.87600000000003,4.917940000000002,2.0,4.0,71.09,4.0,26.0,98.27425384521484,Yes,Yes,Yes,Yes,Yes,-
CHEMBL481564,CCOc1cc2ncc(C(N)=O)c(Nc3ccc(F)cc3F)c2cc1N1CCN(C2CC2)CC1,98.61,467.5200000000003,4.038600000000003,2.0,6.0,83.72,7.0,34.0,92.26602935791016,Yes,Yes,Yes,Yes,Yes,-
CHEMBL1778647,CCS(=O)(=O)c1ccc(-c2cc(Cl)ccc2OCC(=O)O)c(C(F)(F)F)c1,98.47,422.8080000000001,4.282800000000003,1.0,4.0,80.67,6.0,27.0,99.49372863769531,Yes,Yes,Yes,Yes,Yes,-
CHEMBL497963,Cc1ccc2c(OCCN3CCC(Cc4cccc(NS(C)(=O)=O)c4)CC3)cccc2n1,97.0,453.6080000000002,4.248220000000003,1.0,5.0,71.53,8.0,32.0,95.27273559570312,Yes,Yes,Yes,Yes,Yes,-
CHEMBL235357,O=C(NCC12CC3CC(CC(C3)C1)C2)c1cc(O[C@@H]2CCCNC2)ccc1Cl,94.56,402.9660000000001,4.417000000000003,2.0,3.0,50.36,5.0,28.0,94.87224578857422,Yes,Yes,Yes,Yes,Yes,-
CHEMBL526307,COc1cc(C(C)C)c(Oc2cnc(N)nc2N)cc1I,95.33,400.21999999999997,3.1699,2.0,6.0,96.28,4.0,21.0,88.2741470336914,Yes,Yes,Yes,Yes,Yes,-
CHEMBL481230,COc1cc2c(Nc3ccc(F)c(Cl)c3)c(C(N)=O)cnc2cc1OCCN(C)CCO,67.12,462.90900000000033,3.1813000000000025,3.0,7.0,109.94,10.0,32.0,89.91952514648438,Yes,Yes,Yes,Yes,Yes,-
CHEMBL521509,O=C(NC1CC1)c1cn(-c2cccc(C#Cc3cccnc3)c2)c2ncccc2c1=O,98.33,406.44500000000016,3.072700000000001,1.0,5.0,76.88,3.0,31.0,94.47867584228516,Yes,Yes,Yes,Yes,Yes,-
CHEMBL1608462,Cc1cc(C)c(CNC(=O)c2cc(C3CC3)nc3c2cnn3C(C)C)c(O)n1,96.5,379.46400000000006,3.5370400000000024,2.0,6.0,92.93,5.0,28.0,90.54817962646484,Yes,Yes,Yes,Yes,Yes,-
CHEMBL1073,Cc1cnc(C(=O)NCCc2ccc(S(=O)(=O)NC(=O)NC3CCCCC3)cc2)cn1,99.12,445.54500000000024,2.0781199999999993,3.0,6.0,130.14999999999998,7.0,31.0,83.9212417602539,Yes,Yes,Yes,Yes,Yes,-
CHEMBL2158790,Cc1c(OC2CCN(CC3CCN([C@@](C)(Cc4ccc(F)cc4)C(=O)O)CC3)CC2)ccc(Cl)c1Cl,96.79,537.5030000000003,6.082120000000007,1.0,4.0,53.010000000000005,8.0,36.0,74.42862701416016,No,No,Yes,No,No,-
CHEMBL1090771,NC(=O)[C@@H](CCC(F)(F)F)N(Cc1ccc(-c2ncon2)cc1F)S(=O)(=O)c1ccc(Cl)cc1,98.33,520.8920000000002,3.916400000000003,1.0,6.0,119.39000000000001,9.0,34.0,91.19902801513672,No,No,Yes,Yes,Yes,-
CHEMBL510386,O=C(Nc1ccc(Cl)c(C(=O)Nc2cccnc2)c1)c1cccc(C(F)(F)F)c1,99.7,419.7900000000001,5.258400000000002,2.0,3.0,71.09,4.0,29.0,99.25452423095703,No,Yes,Yes,Yes,No,-
CHEMBL2208430,O=C(NC[C@@H](O)CN1CCC(Oc2ccc(Cl)c(Cl)c2)CC1)c1c[nH]c2ccccc12,98.09,462.37700000000024,4.108800000000002,3.0,4.0,77.59,7.0,31.0,97.60694885253906,Yes,Yes,Yes,Yes,Yes,-
CHEMBL1778623,CCN(CC)S(=O)(=O)c1ccc(-c2cc(C(F)(F)F)ccc2OCC(=O)O)cc1,98.78,431.43200000000013,3.8663000000000025,1.0,4.0,83.91,8.0,29.0,97.4722671508789,Yes,Yes,Yes,Yes,Yes,-
CHEMBL1282,CC(C)Cn1cnc2c(N)nc3ccccc3c21,85.19,240.30999999999997,2.8227,1.0,4.0,56.730000000000004,2.0,18.0,87.20650482177734,Yes,No,Yes,Yes,Yes,-
CHEMBL1088751,CNC(=O)c1ccc(C)c(-n2c(C)cc(OCc3ccc(F)cc3F)c(Br)c2=O)c1,93.53,477.30500000000006,4.433640000000004,1.0,4.0,60.330000000000005,5.0,30.0,96.6541519165039,Yes,Yes,Yes,Yes,Yes,-
CHEMBL1770298,Cc1ccc(C(NC(=O)c2ccccc2O)C(=O)Nc2c(C)cccc2C)s1,99.57,394.49600000000015,4.488760000000004,3.0,4.0,78.43,5.0,28.0,101.9538803100586,Yes,Yes,Yes,Yes,Yes,-
CHEMBL1313956,O=C(COc1ccccc1Cl)c1ccc[nH]1,93.24,235.67,2.929800000000001,1.0,2.0,42.09,4.0,16.0,74.6867446899414,Yes,No,Yes,Yes,Yes,-
CHEMBL2031562,Nc1cc(C(=O)Nc2cccc(-c3nnn[nH]3)c2)cc(C(F)(F)F)c1,97.81,348.28800000000007,2.7200000000000006,3.0,5.0,109.58000000000001,3.0,25.0,79.4427261352539,Yes,Yes,Yes,Yes,Yes,-
CHEMBL480830,CCOc1cc2ncc(C(N)=O)c(Nc3ccc(F)cc3F)c2cc1N1CCN(C(C)C)CC1,85.77,469.5360000000003,4.284600000000004,2.0,6.0,83.72,7.0,34.0,91.43421173095703,Yes,Yes,Yes,Yes,Yes,-
CHEMBL379828,COc1ccc2c(c1)c(-c1ccnc3cc(Cl)ccc13)c(C)n2CC(=O)O,99.69,380.8310000000002,4.911520000000003,1.0,4.0,64.35000000000001,4.0,27.0,99.23155212402344,Yes,Yes,Yes,Yes,Yes,-
CHEMBL2338404,CC(C)(C)CS(=O)(=O)NCCN1CCN(CC(=O)NC23CC4CC(CC(C4)C2)C3)CC1,86.05,454.6810000000004,1.6545000000000023,2.0,5.0,81.75,8.0,31.0,71.55811309814453,Yes,Yes,Yes,Yes,Yes,-
CHEMBL193,COC(=O)C1=C(C)NC(C)=C(C(=O)OC)C1c1ccccc1[N+](=O)[O-],96.17,346.33900000000006,2.1756,1.0,7.0,107.77000000000001,4.0,25.0,93.41901397705078,Yes,Yes,Yes,Yes,Yes,-
CHEMBL1288009,COc1ccc(-c2cc3c(N[C@H]4CCCNC4)ncc(C(N)=O)c3s2)cc1,93.39,382.4890000000001,3.2347,3.0,6.0,89.27000000000001,5.0,27.0,95.25675201416016,Yes,Yes,Yes,Yes,Yes,-
CHEMBL1824035,CN(C)S(=O)(=O)c1ccc2c(c1)N(CCN1CCC(NCc3ccc4c(n3)NC(=O)CO4)CC1)C(=O)CO2,90.72,544.6340000000002,0.6424000000000023,2.0,9.0,133.41,8.0,38.0,74.12088775634766,No,No,Yes,No,Yes,-
CHEMBL457,Cc1ccc(C)c(OCCCC(C)(C)C(=O)O)c1,99.77,250.33799999999997,3.573240000000002,1.0,2.0,46.53,6.0,18.0,91.01480865478516,Yes,No,Yes,Yes,Yes,-
CHEMBL1312533,CC(=O)NC1CC2CCCC(C1)N2C(=O)Nc1ccc(Cl)c(C(F)(F)F)c1,97.91,403.83200000000005,4.412300000000004,2.0,2.0,61.440000000000005,2.0,27.0,97.49398803710938,Yes,Yes,Yes,Yes,Yes,-
CHEMBL2164741,N#Cc1ccc2ccc(=O)n(CCN3CC[C@@H](NCc4cc5c(cn4)OCCO5)[C@@H](O)C3)c2c1,79.17,461.5220000000003,1.2643799999999992,2.0,9.0,112.64000000000001,6.0,34.0,73.54447937011719,Yes,Yes,Yes,Yes,Yes,-
CHEMBL2207281,O=C(NC[C@@H](O)CN1CCC(Oc2ccc(Cl)c(Cl)c2)CC1)c1c[nH]c(=O)c2cc(S(=O)(=O)NCCO)ccc12,87.62,613.5200000000002,1.7395999999999987,5.0,8.0,161.05999999999997,11.0,40.0,84.2060546875,No,No,No,No,No,-
CHEMBL2164364,O=C(NCc1ccc(OC(F)(F)F)cc1)C1c2ccccc2C(=O)N1CCc1ncccn1,91.82,456.4240000000002,3.4312000000000014,1.0,5.0,84.42,7.0,33.0,95.14240264892578,Yes,Yes,Yes,Yes,Yes,-
CHEMBL558,Cc1cccc(C)c1OCC(C)N,36.53,179.26299999999998,2.0294399999999997,1.0,2.0,35.25,3.0,13.0,63.785404205322266,Yes,No,Yes,Yes,No,-
CHEMBL2059867,Cc1nc(-c2ccc(C)c(NC(=O)c3ccc(OCc4ccccn4)cc3)c2)c[nH]1,96.79,398.466,4.919840000000003,2.0,4.0,79.9,6.0,30.0,98.3307876586914,Yes,Yes,Yes,Yes,Yes,-
CHEMBL1761870,C[C@H]1CN(C(=O)N[C@H](Cc2ccc(F)cc2)C(=O)N2CCC(C(=O)NC(C)(C)C)(C3CCCCC3)CC2)C[C@@H](C)N1,92.32,571.7820000000004,4.232400000000002,3.0,4.0,93.78,6.0,41.0,91.56110382080078,No,No,Yes,Yes,Yes,-
CHEMBL1950844,CN[C@@H](C)C(=O)N[C@H](C(=O)N[C@H]1CCCN(CC(c2ccccc2)c2ccccc2)C1)C1CCCCC1,97.38,504.71900000000034,4.072100000000004,3.0,4.0,73.47,10.0,37.0,88.31745147705078,No,No,Yes,Yes,Yes,-
CHEMBL2207661,O=C(NC[C@@H](O)CN1CCC(Oc2ccc(Cl)c(Cl)c2)CC1)c1c[nH]nc1C1CC1,96.87,453.3700000000003,3.2280000000000006,3.0,5.0,90.48,8.0,30.0,95.33171081542969,Yes,Yes,Yes,Yes,Yes,-
CHEMBL149434,CCc1c(C(=O)C(N)=O)c2c(OCC(N)=O)cccc2n1Cc1ccccc1,84.9,379.41600000000005,1.7840999999999998,2.0,5.0,117.41,8.0,28.0,94.5801010131836,Yes,Yes,Yes,Yes,Yes,-
CHEMBL2208431,O=C(NC[C@@H](O)CN1CCC(Oc2ccc(Cl)c(Cl)c2)CC1)c1n[nH]c(=O)c2ccccc12,96.5,491.3750000000003,2.864,3.0,6.0,107.54999999999998,7.0,33.0,88.57650756835938,Yes,No,Yes,Yes,Yes,-
CHEMBL480558,CCC(CC)[C@@H](CO)NS(=O)(=O)c1ccc(Cl)s1,92.16,311.856,2.4769000000000005,2.0,4.0,66.4,7.0,18.0,90.7525863647461,Yes,No,Yes,Yes,Yes,-
CHEMBL229430,CC(=O)Nc1nc2c(Oc3cc(-c4ccc(C(F)(F)F)cc4)ncn3)cccc2s1,99.9,430.41100000000006,5.522800000000003,1.0,6.0,77.0,4.0,30.0,96.5269775390625,No,Yes,Yes,Yes,No,-
CHEMBL422,CN1CCN(CCCN2c3ccccc3Sc3ccc(C(F)(F)F)cc32)CC1,99.19,407.50500000000017,4.945600000000005,0.0,4.0,9.72,4.0,28.0,97.23973083496094,Yes,Yes,Yes,Yes,Yes,-
CHEMBL1077979,COc1cc(O)c2c(c1)/C=C/C[C@H](O)[C@H](O)C(=O)/C=C\C[C@H](C)OC2=O,98.61,362.37800000000016,1.6001999999999996,3.0,7.0,113.29000000000002,1.0,26.0,81.13374328613281,Yes,Yes,Yes,Yes,Yes,-
CHEMBL172714,Cc1ccc(S(=O)(=O)N2N=Cc3oc(C)cc3B2O)cc1,94.9,304.136,0.6223400000000001,1.0,5.0,83.11,2.0,21.0,78.6451187133789,Yes,Yes,Yes,Yes,Yes,-
CHEMBL2152522,c1ccc([C@@H]([C@H](c2ccccc2)N2CCCCC2)N2CCCCC2)cc1,90.12,348.5340000000001,5.440800000000005,0.0,2.0,6.48,5.0,26.0,86.9411392211914,No,Yes,Yes,Yes,No,-
CHEMBL72,CNCCCN1c2ccccc2CCc2ccccc21,85.19,266.388,3.5328000000000026,1.0,2.0,15.27,4.0,20.0,87.14692687988281,Yes,Yes,Yes,Yes,Yes,-
CHEMBL384903,O=c1[nH]c2cc(C(F)(F)F)ccc2n1-c1cc(C(F)(F)F)ccc1O,99.87,362.229,4.062000000000001,2.0,3.0,58.019999999999996,1.0,25.0,96.32070922851562,Yes,Yes,Yes,Yes,Yes,-
CHEMBL2059862,Cc1ccc(-c2ncc(C)n2C)cc1NC(=O)c1ccc(OCc2ccccn2)cc1,97.81,412.49300000000017,4.930240000000004,1.0,5.0,69.04,6.0,31.0,97.58966064453125,Yes,Yes,Yes,Yes,Yes,-
CHEMBL1944693,COc1ccccc1CCNCc1cccc(CCNC[C@H](O)c2ccc(O)c3[nH]c(=O)sc23)c1,94.06,493.62900000000013,3.501800000000001,5.0,7.0,106.60999999999999,12.0,35.0,95.07426452636719,Yes,No,No,Yes,Yes,-
CHEMBL25554,COc1cccc(OC)c1OCCNCC1COc2ccccc2O1,97.6,345.39500000000004,2.512200000000001,1.0,6.0,58.18000000000001,8.0,25.0,91.98023986816406,Yes,Yes,Yes,Yes,Yes,-
CHEMBL2178951,Cc1ncc(C(N)=O)nc1-c1ccc([C@H]2CC[C@H](CC(=O)O)CC2)cc1,94.32,353.42200000000014,3.2994200000000014,2.0,4.0,106.17,5.0,26.0,94.33759307861328,Yes,Yes,Yes,Yes,Yes,-
CHEMBL115,CC(C)(C)NC(=O)[C@@H]1CN(Cc2cccnc2)CCN1C[C@@H](O)C[C@@H](Cc1ccccc1)C(=O)N[C@H]1c2ccccc2C[C@H]1O,62.94,613.8030000000003,2.8669000000000016,4.0,7.0,118.03000000000002,11.0,45.0,89.03861999511719,No,No,No,Yes,No,-
CHEMBL1367530,Cc1ccc(-c2nnc(SCC(=O)N3CCN(c4ccccc4)CC3)o2)cc1,99.82,394.5000000000001,3.485920000000002,0.0,6.0,62.470000000000006,5.0,28.0,97.88562774658203,Yes,Yes,Yes,Yes,Yes,-
CHEMBL1916082,CCC(CC)NC(=O)c1cnn(-c2ccccc2)c1NS(=O)(=O)c1ccc(C)cc1,98.61,426.5420000000002,3.8999200000000025,2.0,5.0,93.09,8.0,30.0,98.22917175292969,Yes,Yes,Yes,Yes,Yes,-
CHEMBL257991,O=C(Nc1ccccc1-c1cn2c(CN3CCNCC3)csc2n1)c1cnc2ccccc2n1,99.01,469.5740000000001,3.6635000000000018,2.0,8.0,87.45,5.0,34.0,94.90220642089844,Yes,Yes,Yes,Yes,Yes,-
CHEMBL2325622,CN1CC(n2nccc2-c2cc(Cl)ccc2Oc2cc(F)c(S(=O)(=O)Nc3ncns3)cc2F)C1,98.4,538.9890000000001,4.4128000000000025,1.0,9.0,102.24000000000001,7.0,35.0,96.52320861816406,No,No,Yes,Yes,Yes,-
CHEMBL1934271,CCC(CC)n1nc(C)c(C(=O)N[C@@H](C)C(C)(C)C)c1NS(=O)(=O)c1ccc(C)cc1,98.0,448.63300000000015,4.826240000000005,2.0,5.0,93.09,8.0,31.0,97.54976654052734,Yes,Yes,Yes,Yes,Yes,-
CHEMBL49,O=C1CC2(CCCC2)CC(=O)N1CCCCN1CCN(c2ncccn2)CC1,77.62,385.5120000000001,2.0881999999999996,0.0,6.0,69.64000000000001,6.0,28.0,80.92682647705078,Yes,Yes,Yes,Yes,Yes,-
CHEMBL1957462,Cc1nn(C)c(C)c1-c1ccc(-c2nc3ccncc3c(O)c2C#N)cc1,99.64,355.4010000000001,3.891420000000002,1.0,6.0,87.62,2.0,27.0,97.62248992919922,Yes,Yes,Yes,Yes,Yes,-
CHEMBL1938681,O=C(c1ccc(-c2ccc(Cl)cc2)o1)N(Cc1ccccn1)c1ccc(N2CCNCC2)cc1,97.32,472.9760000000002,5.251600000000005,1.0,5.0,61.61000000000001,6.0,34.0,98.73792266845703,No,Yes,Yes,Yes,No,-
CHEMBL480445,COc1cc2ncc(C(N)=O)c(Nc3ccc(F)cc3F)c2cc1N1CCN(C)CC1,74.69,427.45500000000027,3.1159000000000017,2.0,6.0,83.72,5.0,31.0,80.8265609741211,Yes,Yes,Yes,Yes,Yes,-
CHEMBL436826,CCOc1ccc(-n2c([C@@H](C)N(Cc3cccnc3)C(=O)Cc3ccc(C(F)(F)F)cc3)nc3ccccc3c2=O)cc1,99.53,586.6140000000001,6.530700000000007,0.0,6.0,77.32,9.0,43.0,97.44743347167969,No,No,Yes,No,No,-
CHEMBL16,O=C1N=C(O)NC1(c1ccccc1)c1ccccc1,87.11,252.27300000000002,1.9739999999999998,2.0,2.0,61.69,2.0,19.0,87.0694808959961,Yes,No,Yes,Yes,Yes,-
CHEMBL257006,C[C@H](CO)Nc1nc(SCc2cccc(F)c2F)nc2[nH]c(N)nc12,97.71,366.39700000000005,2.2983,4.0,7.0,112.74,6.0,25.0,93.50588989257812,Yes,Yes,Yes,Yes,Yes,-
CHEMBL191553,CC(=O)Nc1ccc(CNc2[nH]nc3ccnc(Oc4ccccc4)c23)cc1,89.91,373.4160000000001,4.320700000000002,3.0,5.0,91.93,6.0,28.0,98.03478240966797,Yes,Yes,Yes,Yes,Yes,-
CHEMBL51594,c1ccc2c(c1)CCN(c1ccncc1)C2,56.86,210.28,2.644300000000001,0.0,2.0,16.130000000000003,1.0,16.0,67.15286254882812,Yes,No,Yes,Yes,Yes,-
CHEMBL2086675,CC(C)(C)OC(=O)N1CCN(c2ncc(OCc3ccncc3)cn2)CC1,99.03,371.4410000000001,2.5077000000000007,0.0,7.0,80.68,4.0,27.0,87.35044860839844,Yes,Yes,Yes,Yes,Yes,-
CHEMBL1431692,CC(=O)Nc1ccc(Nc2cc(C)nc3c(-c4ccccc4)cnn23)cc1,99.58,357.41700000000003,4.406720000000003,2.0,5.0,71.32,4.0,27.0,99.89747619628906,Yes,Yes,Yes,Yes,Yes,-
CHEMBL2059910,CNC(=O)Nc1nc2ccc(-c3cncc(S(=O)(=O)NC(C)(C)C)c3)cn2n1,64.54,403.46800000000013,1.6193999999999995,3.0,7.0,130.38,4.0,28.0,71.80042266845703,Yes,Yes,Yes,Yes,Yes,-
CHEMBL2057372,CC(C)(C)NS(=O)(=O)c1cncc(-c2ccc3nc(NC(=O)NCC(=O)N4CCOCC4)nn3c2)c1,54.02,516.5840000000004,0.8484000000000012,3.0,9.0,159.92,6.0,36.0,67.739501953125,No,No,No,No,No,-
CHEMBL574059,Cn1c(=O)c(-c2c(Cl)cccc2Cl)cc2cnc(Nc3ccc(F)cc3)nc21,99.6,415.2550000000001,5.185000000000002,1.0,5.0,59.81,3.0,28.0,98.0699462890625,No,Yes,Yes,Yes,No,-
CHEMBL213495,Cc1ccc2c(c1)c(-c1ccnc3c(C#N)cccc13)c(C)n2CC(=O)O,98.29,355.39700000000016,4.429620000000003,1.0,4.0,78.91,3.0,27.0,96.22945404052734,Yes,Yes,Yes,Yes,Yes,-
CHEMBL2181926,CCOC(=O)C1=C(C)NC(C)=C(C(C)=O)[C@H]1c1cccc2c(=O)cc(C)oc12,85.19,381.42800000000017,3.4883200000000025,1.0,6.0,85.61,4.0,28.0,97.1832046508789,Yes,Yes,Yes,Yes,Yes,-
CHEMBL1824029,CC(O)c1ccc2c(c1)N(CCN1CCC(NCc3ccc4c(n3)NC(=O)CO4)CC1)C(=O)CO2,88.82,481.5530000000003,1.4454,3.0,8.0,116.26,7.0,35.0,71.99706268310547,Yes,No,Yes,Yes,Yes,-
CHEMBL402501,C[C@H](Cc1cccc(CC(=O)NC23CC4CC(CC(C4)C2)C3)c1)NC[C@H](O)c1ccc(O)c(CO)c1,89.91,492.66000000000025,3.766200000000002,5.0,5.0,101.82000000000001,10.0,36.0,88.70104217529297,Yes,No,Yes,Yes,Yes,-
CHEMBL2216839,C[C@H]1CN(Cc2nnc(-c3cc(-c4cccc5[nH]ccc45)cc4[nH]ncc34)o2)C[C@@H](C)O1,98.09,428.4960000000002,4.370400000000003,2.0,6.0,95.86000000000001,4.0,32.0,97.84699249267578,Yes,Yes,Yes,Yes,Yes,-
CHEMBL196707,Cc1c(CC(=O)O)c2cc(F)ccc2n1S(=O)(=O)c1ccc(S(C)(=O)=O)cc1,92.32,425.4590000000001,2.356420000000001,1.0,6.0,110.50999999999999,5.0,28.0,91.28561401367188,Yes,Yes,Yes,Yes,Yes,-
